step,loss
0,10.919454574584961
100,6.946704387664795
200,6.940625190734863
300,6.94743537902832
400,6.940662384033203
500,6.936523914337158
